,Position,Institute,Department,Location,post date,link
0,"Assistant Professor, Business Analytics",Colorado School of Mines,Information Systems and Technology,"Golden, CO",10/04/2023,https://www.higheredjobs.com/search/details.cfm?JobCode=178560297&Title=Assistant%20Professor%2C%20Business%20Analytics
1,Open Rank Faculty Positing in Electrical and Computer Engineering,"University of California, Riverside",Electrical Engineering,"Riverside, CA",10/04/2023,https://www.higheredjobs.com/search/details.cfm?JobCode=178559903&Title=Open%20Rank%20Faculty%20Positing%20in%20Electrical%20and%20Computer%20Engineering
2,Associate Professor,Harvard University,Computer Science,"Cambridge, MA",10/04/2023,https://www.higheredjobs.com/search/details.cfm?JobCode=178560125&Title=Associate%20Professor
3,TMDC Scientific Director - Research Assistant/ Associate Professor (# 357997),University of Minnesota,Other Engineering Faculty,"Twin Cities, MN",10/04/2023,https://www.higheredjobs.com/search/details.cfm?JobCode=178559691&Title=TMDC%20Scientific%20Director%20%2D%20Research%20Assistant%2F%20Associate%20Professor%20%28%23%20357997%29
4,Assistant Professor - Machine Learning,Virginia Tech,Computer Engineering,"Blacksburg, VA",10/04/2023,https://www.higheredjobs.com/search/details.cfm?JobCode=178560010&Title=Assistant%20Professor%20%2D%20Machine%20Learning
5,Faculty Professor Associate - Full-Time,University of Pittsburgh,Health Information Technology,"Pittsburgh, PA",10/04/2023,https://www.higheredjobs.com/search/details.cfm?JobCode=178559786&Title=Faculty%20Professor%20Associate%20%2D%20Full%2DTime
6,"Open-Rank Tenure-Track Faculty Position, Cornell University - ORIE Ithaca Campus",Cornell University,Information Systems and Technology,"Ithaca, NY",10/04/2023,https://www.higheredjobs.com/search/details.cfm?JobCode=178559706&Title=Open%2DRank%20Tenure%2DTrack%20Faculty%20Position%2C%20Cornell%20University%20%2D%20ORIE%20Ithaca%20Campus
7,Assistant Professor of Management Information Systems,Binghamton University,Information Systems and Technology,"Binghamton, NY",10/04/2023,https://www.higheredjobs.com/search/details.cfm?JobCode=178559302&Title=Assistant%20Professor%20of%20Management%20Information%20Systems
8,Assistant Professor,Princeton University,Psychology,"Princeton, NJ",10/03/2023,https://www.higheredjobs.com/search/details.cfm?JobCode=178558316&Title=Assistant%20Professor
9,ASSOCIATE PROFESSOR - Computer & Information Science & Engineering,University of Florida,Computer Engineering,"Gainesville, FL",10/03/2023,https://www.higheredjobs.com/search/details.cfm?JobCode=178557881&Title=ASSOCIATE%20PROFESSOR%20%2D%20Computer%20%26amp%3B%20Information%20Science%20%26amp%3B%20Engineering
10,"Assistant Professor, Associate Professor, Professor",Princeton University,Computer Engineering,"Princeton, NJ",10/03/2023,https://www.higheredjobs.com/search/details.cfm?JobCode=178558315&Title=Assistant%20Professor%2C%20Associate%20Professor%2C%20Professor
11,"Clinical Assistant Professor of Environmental Public Health and/or Data Science, Sargent College of Health & Rehabilitation Sciences (23599932870929)",Boston University,Health Information Technology,"Boston, MA",10/02/2023,https://www.higheredjobs.com/search/details.cfm?JobCode=178557300&Title=Clinical%20Assistant%20Professor%20of%20Environmental%20Public%20Health%20and%2For%20Data%20Science%2C%20Sargent%20College%20of%20Health%20%26%20Rehabilitation%20Sciences%20%2823599932870929%29
12,Post Doctoral Scholar,University of Central Florida,Computer Science,"Orlando, FL",10/02/2023,https://www.higheredjobs.com/search/details.cfm?JobCode=178557676&Title=Post%20Doctoral%20Scholar
13,Department of Electrical & Computer Engineering - Faculty Positions (PITTSBURGH),Carnegie Mellon University,Electrical Engineering,"Pittsburgh, PA",10/02/2023,https://www.higheredjobs.com/search/details.cfm?JobCode=178557112&Title=Department%20of%20Electrical%20%26amp%3B%20Computer%20Engineering%20%2D%20Faculty%20Positions%20%28PITTSBURGH%29
14,Assistant Professor - Electrical Engineering & Computer Sciences,"University of California, Berkeley",Electrical Engineering,"Berkeley, CA",09/30/2023,https://www.higheredjobs.com/search/details.cfm?JobCode=178556167&Title=Assistant%20Professor%20%2D%20Electrical%20Engineering%20%26amp%3B%20Computer%20Sciences
15,Associate Professor in Analog Electronics,Binghamton University,Electrical Engineering,"Binghamton, NY",09/29/2023,https://www.higheredjobs.com/search/details.cfm?JobCode=178555665&Title=Associate%20Professor%20in%20Analog%20Electronics
16,Assistant Professor,Mississippi State University,Electrical Engineering,"Mississippi State, MS",09/29/2023,https://www.higheredjobs.com/search/details.cfm?JobCode=178555699&Title=Assistant%20Professor
17,Artificial Intelligence Research Scientist,University of Louisiana at Lafayette,Computer Science,"Lafayette, LA",07/26/2023,https://www.higheredjobs.com/search/details.cfm?JobCode=178478694&Title=Artificial%20Intelligence%20Research%20Scientist
18,Academic Professional Track (Non Tenure): Clinical-Open Rank,Texas A&M University,Information Systems and Technology,"College Station, TX",07/26/2023,https://www.higheredjobs.com/search/details.cfm?JobCode=178478560&Title=Academic%20Professional%20Track%20%28Non%20Tenure%29%3A%20Clinical%2DOpen%20Rank
19,Ast Prof,University of Florida,Information Systems and Technology,"Gainesville, FL",07/25/2023,https://www.higheredjobs.com/search/details.cfm?JobCode=178477616&Title=Ast%20Prof
20,Assistant Systems Administrator - Nevada State Public Health Lab,"University of Nevada, Reno",Information Systems and Technology,"Reno, NV",07/20/2023,https://www.higheredjobs.com/search/details.cfm?JobCode=178471884&Title=Assistant%20Systems%20Administrator%20%2D%20Nevada%20State%20Public%20Health%20Lab
21,"Assistant Professor, Tenure track, Computer Engineering",Baylor University,Computer Engineering,"Waco, TX",07/12/2023,https://www.higheredjobs.com/search/details.cfm?JobCode=178462013&Title=Assistant%20Professor%2C%20Tenure%20track%2C%20Computer%20Engineering
22,Assistant Professor of Computer Science Education,North Carolina State University,Computer Science,"Raleigh, NC",07/10/2023,https://www.higheredjobs.com/search/details.cfm?JobCode=178458719&Title=Assistant%20Professor%20of%20Computer%20Science%20Education
23,Assistant Professor/Associate Professor/Professor - Anti-Racism,University of Michigan,Health Information Technology,"Ann Arbor, MI",07/04/2023,https://www.higheredjobs.com/search/details.cfm?JobCode=178451947&Title=Assistant%20Professor%2FAssociate%20Professor%2FProfessor%20%2D%20Anti%2DRacism
24,Assistant/Associate/Full Professor - Health Informatics,"University of California, Davis",Health Information Technology,"Sacramento, CA",07/02/2023,https://www.higheredjobs.com/search/details.cfm?JobCode=178450395&Title=Assistant%2FAssociate%2FFull%20Professor%20%2D%20Health%20Informatics
25,Assistant or Associate Professor - Computer Information Systems,Colorado State University,Information Systems and Technology,"Fort Collins, CO",07/01/2023,https://www.higheredjobs.com/search/details.cfm?JobCode=178449886&Title=Assistant%20or%20Associate%20Professor%20%2D%20Computer%20Information%20Systems
26,Special Faculty Researcher,Carnegie Mellon University,Computer Science,"Pittsburgh, PA",06/27/2023,https://www.higheredjobs.com/search/details.cfm?JobCode=178443831&Title=Special%20Faculty%20Researcher
27,"Assistant, Associate or Full Professor, Tenure-Track",Cornell University,Computer Science,"Ithaca, NY",10/25/2023,https://www.higheredjobs.com/search/details.cfm?JobCode=178585807&Title=Assistant%2C%20Associate%20or%20Full%20Professor%2C%20Tenure%2DTrack
28,Tenure-Track Faculty Positions in Data Science and Analytics - Log #25-043,Georgia State University,Other Business Faculty,"Atlanta, GA",10/25/2023,https://www.higheredjobs.com/search/details.cfm?JobCode=178585771&Title=Tenure%2DTrack%20Faculty%20Positions%20in%20Data%20Science%20and%20Analytics%20%2D%20Log%20%2325%2D043
29,Research Computing and Data Professional,North Carolina State University,Computer Engineering,"Raleigh, NC",10/25/2023,https://www.higheredjobs.com/search/details.cfm?JobCode=178584608&Title=Research%20Computing%20and%20Data%20Professional
30,Senior Research Scientist,University of Washington,Information Systems and Technology,"Seattle, WA",10/24/2023,https://www.higheredjobs.com/search/details.cfm?JobCode=178584426&Title=Senior%20Research%20Scientist
31,Assistant Professor - ECE,"University of California, San Diego",Electrical Engineering,"La Jolla, CA",10/24/2023,https://www.higheredjobs.com/search/details.cfm?JobCode=178583269&Title=Assistant%20Professor%20%2D%20ECE
32,Associate or Full Professor - ECE,"University of California, San Diego",Computer Engineering,"La Jolla, CA",10/24/2023,https://www.higheredjobs.com/search/details.cfm?JobCode=178583268&Title=Associate%20or%20Full%20Professor%20%2D%20ECE
33,Associate or Full Professor - CSE,"University of California, San Diego",Computer Science,"La Jolla, CA",10/24/2023,https://www.higheredjobs.com/search/details.cfm?JobCode=178583266&Title=Associate%20or%20Full%20Professor%20%2D%20CSE
34,Assistant Professor - CSE,"University of California, San Diego",Computer Science,"La Jolla, CA",10/24/2023,https://www.higheredjobs.com/search/details.cfm?JobCode=178583265&Title=Assistant%20Professor%20%2D%20CSE
35,"Assistant Professor - College of Sciences, Computer Science",University of Texas at San Antonio,Computer Science,"San Antonio, TX",10/24/2023,https://www.higheredjobs.com/search/details.cfm?JobCode=178582915&Title=Assistant%20Professor%20%2D%20College%20of%20Sciences%2C%20Computer%20Science
36,Full-Time Faculty Member - BS Analytics Program (Boston),Northeastern University,Information Systems and Technology,"Boston, MA",10/21/2023,https://www.higheredjobs.com/search/details.cfm?JobCode=178580903&Title=Full%2DTime%20Faculty%20Member%20%2D%20BS%20Analytics%20Program%20%28Boston%29
37,Research Scholar,Kansas State University,Computer Science,"Manhattan, KS",10/21/2023,https://www.higheredjobs.com/search/details.cfm?JobCode=178580831&Title=Research%20Scholar
38,Assistant Professor/ Associate Professor - Electrical & Computer Engineering,Wayne State University,Electrical Engineering,"Detroit, MI",10/20/2023,https://www.higheredjobs.com/search/details.cfm?JobCode=178579860&Title=Assistant%20Professor%2F%20Associate%20Professor%20%2D%20Electrical%20%26%20Computer%20Engineering
39,"Department Head, Electrical and Computer Engineering",North Carolina State University,Electrical Engineering,"Raleigh, NC",10/19/2023,https://www.higheredjobs.com/search/details.cfm?JobCode=178579500&Title=Department%20Head%2C%20Electrical%20and%20Computer%20Engineering
40,Assistant Professor of the Polytechnic Institute in Tulsa,University of Oklahoma,Computer Science,"Tulsa, OK",10/19/2023,https://www.higheredjobs.com/search/details.cfm?JobCode=178579288&Title=Assistant%20Professor%20of%20the%20Polytechnic%20Institute%20in%20Tulsa
41,Assistant/Associate Professor of Polytechnic - Software Development and Integration,University of Oklahoma,Computer Science,"Tulsa, OK",10/19/2023,https://www.higheredjobs.com/search/details.cfm?JobCode=178579280&Title=Assistant%2FAssociate%20Professor%20of%20Polytechnic%20%2D%20Software%20Development%20and%20Integration
42,Clin Ast/Aso/Full Prof,University of Florida,Information Systems and Technology,"Gainesville, FL",10/19/2023,https://www.higheredjobs.com/search/details.cfm?JobCode=178579153&Title=Clin%20Ast%2FAso%2FFull%20Prof
43,NTT Faculty - Computer Science and Engineering,University of Texas at Arlington,Computer Science,"Arlington, TX",10/19/2023,https://www.higheredjobs.com/search/details.cfm?JobCode=178578819&Title=NTT%20Faculty%20%2D%20Computer%20Science%20and%20Engineering
44,Open Rank -Assistant and Associate/Full Professor-Computer Science and Engineering,University of Texas at Arlington,Computer Science,"Arlington, TX",10/19/2023,https://www.higheredjobs.com/search/details.cfm?JobCode=178578447&Title=Open%20Rank%20%2DAssistant%20and%20Associate%2FFull%20Professor%2DComputer%20Science%20and%20Engineering
45,Interdisciplinary Programs Manager - Computer and Information Science - Penn Engineering,University of Pennsylvania,Computer Engineering,"Philadelphia, PA",10/18/2023,https://www.higheredjobs.com/search/details.cfm?JobCode=178577492&Title=Interdisciplinary%20Programs%20Manager%20%2D%20Computer%20and%20Information%20Science%20%2D%20Penn%20Engineering
46,Tenure-Track Faculty Positions - School of Electrical and Computer Engineering,Cornell University,Electrical Engineering,"Ithaca, NY",10/18/2023,https://www.higheredjobs.com/search/details.cfm?JobCode=178577369&Title=Tenure%2DTrack%20Faculty%20Positions%20%2D%20School%20of%20Electrical%20and%20Computer%20Engineering
47,Assistant/Associate/Full Professor  Business Analytics / Management Information Systems,Northeastern University,Information Systems and Technology,"Boston, MA",10/18/2023,https://www.higheredjobs.com/search/details.cfm?JobCode=178576647&Title=Assistant%2FAssociate%2FFull%20Professor%20%20Business%20Analytics%20%2F%20Management%20Information%20Systems
48,"Assistant Professor, Clinical, Information Systems and Business Analytics",Baylor University,Information Systems and Technology,"Waco, TX",10/17/2023,https://www.higheredjobs.com/search/details.cfm?JobCode=178575818&Title=Assistant%20Professor%2C%20Clinical%2C%20Information%20Systems%20and%20Business%20Analytics
49,Tenure Track Faculty Positions Data Analytics - Open Rank,University of South Florida,Information Systems and Technology,"Tampa, FL",10/17/2023,https://www.higheredjobs.com/search/details.cfm?JobCode=178575756&Title=Tenure%20Track%20Faculty%20Positions%20Data%20Analytics%20%2D%20Open%20Rank
50,Open-Rank - Human-Centered AI and Embodied Intelligence/Interactive Performance,Northeastern University,Digital Arts,"Boston, MA",10/17/2023,https://www.higheredjobs.com/search/details.cfm?JobCode=178575344&Title=Open%2DRank%20%2D%20Human%2DCentered%20AI%20and%20Embodied%20Intelligence%2FInteractive%20Performance
51,"Assistant Professor, Clinical, Information Systems",Baylor University,Information Systems and Technology,"Waco, TX",10/17/2023,https://www.higheredjobs.com/search/details.cfm?JobCode=178575110&Title=Assistant%20Professor%2C%20Clinical%2C%20Information%20Systems
52,Associate Professor or Full Professor,University of Texas at Arlington,Computer Science,"Arlington, TX",10/16/2023,https://www.higheredjobs.com/search/details.cfm?JobCode=178574583&Title=Associate%20Professor%20or%20Full%20Professor
53,RESEARCH PROFESSOR (Open Rank),University of Michigan,Computer Engineering,"Ann Arbor, MI",10/16/2023,https://www.higheredjobs.com/search/details.cfm?JobCode=178574256&Title=RESEARCH%20PROFESSOR%20%28Open%20Rank%29
54,"Assistant, Associate, Full Professor, Kelley School of Business (Operations and Decision Technologies, Information Systems)",Indiana University Bloomington,Information Systems and Technology,"Bloomington, IN",10/14/2023,https://www.higheredjobs.com/search/details.cfm?JobCode=178572570&Title=Assistant%2C%20Associate%2C%20Full%20Professor%2C%20Kelley%20School%20of%20Business%20%28Operations%20and%20Decision%20Technologies%2C%20Information%20Systems%29
55,"Assistant/Associate Professor of Engineering Practice, Computer Engineering",Purdue University,Computer Engineering,"West Lafayette, IN",09/29/2023,https://www.higheredjobs.com/search/details.cfm?JobCode=178555094&Title=Assistant%2FAssociate%20Professor%20of%20Engineering%20Practice%2C%20Computer%20Engineering
56,Tenure Track Faculty in Computer Science/Computer Engineering (Multiple Positions),Ohio University,Computer Science,"Athens, OH",09/28/2023,https://www.higheredjobs.com/search/details.cfm?JobCode=178554708&Title=Tenure%20Track%20Faculty%20in%20Computer%20Science%2FComputer%20Engineering%20%28Multiple%20Positions%29
57,"Assistant Professor - Statistics, Data Science, Computational or Theoretical Neurosciences - Statistics Department and Helens Wills Neuroscience Institute","University of California, Berkeley",Statistics,"Berkeley, CA",09/26/2023,https://www.higheredjobs.com/search/details.cfm?JobCode=178550292&Title=Assistant%20Professor%20%2D%20Statistics%2C%20Data%20Science%2C%20Computational%20or%20Theoretical%20Neurosciences%20%2D%20Statistics%20Department%20and%20Helens%20Wills%20Neuroscience%20Institute
58,Assistant Professor of Information Technology (Tenure Track),Old Dominion University,Information Systems and Technology,"Norfolk, VA",09/25/2023,https://www.higheredjobs.com/search/details.cfm?JobCode=178550202&Title=Assistant%20Professor%20of%20Information%20Technology%20%28Tenure%20Track%29
59,Assistant Professor,Mississippi State University,Electrical Engineering,"Mississippi State, MS",09/25/2023,https://www.higheredjobs.com/search/details.cfm?JobCode=178549802&Title=Assistant%20Professor
60,Assistant Professor - Machine Learning,Mississippi State University,Electrical Engineering,"Mississippi State, MS",09/25/2023,https://www.higheredjobs.com/search/details.cfm?JobCode=178549801&Title=Assistant%20Professor%20%2D%20Machine%20Learning
61,Senior Instructional Lab Coordinator,Purdue University,Computer Engineering,"West Lafayette, IN",09/25/2023,https://www.higheredjobs.com/search/details.cfm?JobCode=178549125&Title=Senior%20Instructional%20Lab%20Coordinator
62,Open Rank Faculty - Assistant/Associate/Professor,Virginia Tech,Statistics,"Blacksburg, VA",09/25/2023,https://www.higheredjobs.com/search/details.cfm?JobCode=178548917&Title=Open%20Rank%20Faculty%20%2D%20Assistant%2FAssociate%2FProfessor
63,Tenure Track Faculty Opening in Computer Engineering,Northwestern University,Computer Engineering,"Evanston, IL",11/06/2023,https://www.higheredjobs.com/search/details.cfm?JobCode=178598381&Title=Tenure%20Track%20Faculty%20Opening%20in%20Computer%20Engineering
64,Henry and Isabelle Dever Professor of Electrical and Computer Engineering (at the rank of full professor),Northwestern University,Computer Engineering,"Evanston, IL",11/06/2023,https://www.higheredjobs.com/search/details.cfm?JobCode=178598376&Title=Henry%20and%20Isabelle%20Dever%20Professor%20of%20Electrical%20and%20Computer%20Engineering%20%28at%20the%20rank%20of%20full%20professor%29
65,Assistant Professional Researcher,"University of California, Riverside",Computer Engineering,"Riverside, CA",11/06/2023,https://www.higheredjobs.com/search/details.cfm?JobCode=178597951&Title=Assistant%20Professional%20Researcher
66,Associate/Full Professor & Executive Director for Semiconductor Research Programs,Oregon State University,Computer Science,"Corvallis, OR",11/06/2023,https://www.higheredjobs.com/search/details.cfm?JobCode=178597923&Title=Associate%2FFull%20Professor%20%26amp%3B%20Executive%20Director%20for%20Semiconductor%20Research%20Programs
67,Temporary Assistant and Associate Researchers (Professional Research Series) for Electrical and Computer Engineering,"University of California, Santa Barbara",Electrical Engineering,"Santa Barbara, CA",11/03/2023,https://www.higheredjobs.com/search/details.cfm?JobCode=178596548&Title=Temporary%20Assistant%20and%20Associate%20Researchers%20%28Professional%20Research%20Series%29%20for%20Electrical%20and%20Computer%20Engineering
68,Associate Professor in CSE with a focus on Designing Just Futures,"University of California, San Diego",Computer Science,"La Jolla, CA",11/02/2023,https://www.higheredjobs.com/search/details.cfm?JobCode=178595852&Title=Associate%20Professor%20in%20CSE%20with%20a%20focus%20on%20Designing%20Just%20Futures
69,Assistant Professor in CSE with a focus on Designing Just Futures,"University of California, San Diego",Computer Science,"La Jolla, CA",11/02/2023,https://www.higheredjobs.com/search/details.cfm?JobCode=178595850&Title=Assistant%20Professor%20in%20CSE%20with%20a%20focus%20on%20Designing%20Just%20Futures
70,Faculty Professor - Full-Time,University of Pittsburgh,Electrical Engineering,"Pittsburgh, PA",11/02/2023,https://www.higheredjobs.com/search/details.cfm?JobCode=178595763&Title=Faculty%20Professor%20%2D%20Full%2DTime
71,"Assistant Professor (Continuing Track), Management Information Systems",University of Delaware,Information Systems and Technology,"Newark, DE",11/02/2023,https://www.higheredjobs.com/search/details.cfm?JobCode=178594801&Title=Assistant%20Professor%20%28Continuing%20Track%29%2C%20Management%20Information%20Systems
72,Faculty Non-Tenure Track-9 Mo,Kent State University,Information Systems and Technology,"Kent, OH",11/02/2023,https://www.higheredjobs.com/search/details.cfm?JobCode=178594414&Title=Faculty%20Non%2DTenure%20Track%2D9%20Mo
73,Assistant Professor,University of Louisiana at Lafayette,Electrical Engineering,"Lafayette, LA",11/01/2023,https://www.higheredjobs.com/search/details.cfm?JobCode=178594258&Title=Assistant%20Professor
74,"Tenure-Track Faculty Position in Biomedical Data Science, Precision Health & Artificial Intelligence",Dartmouth College,Health Information Technology,"Hanover, NH",11/01/2023,https://www.higheredjobs.com/search/details.cfm?JobCode=178594228&Title=Tenure%2DTrack%20Faculty%20Position%20in%20Biomedical%20Data%20Science%2C%20Precision%20Health%20%26%20Artificial%20Intelligence
75,"Faculty Positions in Cloud and Distributed Systems and Operating Systems, Department of Computer Science","University of California, Davis",Computer Science,"Davis, CA",11/01/2023,https://www.higheredjobs.com/search/details.cfm?JobCode=178593625&Title=Faculty%20Positions%20in%20Cloud%20and%20Distributed%20Systems%20and%20Operating%20Systems%2C%20Department%20of%20Computer%20Science
76,Faculty Position in the Engineering and Applied Science Division,California Institute of Technology,Computer Science,"Pasadena, CA",11/01/2023,https://www.higheredjobs.com/search/details.cfm?JobCode=178592973&Title=Faculty%20Position%20in%20the%20Engineering%20and%20Applied%20Science%20Division
77,"Faculty positions in Artificial Intelligence and Machine Learning, Department of Computer Science","University of California, Davis",Computer Science,"Davis, CA",11/01/2023,https://www.higheredjobs.com/search/details.cfm?JobCode=178593434&Title=Faculty%20positions%20in%20Artificial%20Intelligence%20and%20Machine%20Learning%2C%20Department%20of%20Computer%20Science
78,Faculty positions in Theoretical Computer Science,"University of California, Davis",Computer Science,"Davis, CA",11/01/2023,https://www.higheredjobs.com/search/details.cfm?JobCode=178593433&Title=Faculty%20positions%20in%20Theoretical%20Computer%20Science
79,"F230270 - Assistant Professor, Management Science and Systems - Management Science and Systems",University at Buffalo,Information Systems and Technology,"Buffalo, NY",11/01/2023,https://www.higheredjobs.com/search/details.cfm?JobCode=178593072&Title=F230270%20%2D%20Assistant%20Professor%2C%20Management%20Science%20and%20Systems%20%2D%20Management%20Science%20and%20Systems
80,"Assistant Professor, Associate Professor, or Professor, RISES and ECE",University of Central Florida,Computer Engineering,"Orlando, FL",10/31/2023,https://www.higheredjobs.com/search/details.cfm?JobCode=178592365&Title=Assistant%20Professor%2C%20Associate%20Professor%2C%20or%20Professor%2C%20RISES%20and%20ECE
81,Assistant/Associate/Professor (T/TT or NTT) - Informatics/Health Services Research,University of Missouri,Health Information Technology,"Columbia, MO",09/07/2023,https://www.higheredjobs.com/search/details.cfm?JobCode=178529028&Title=Assistant%2FAssociate%2FProfessor%20%28T%2FTT%20or%20NTT%29%20%2D%20Informatics%2FHealth%20Services%20Research
82,"Asst Professor, Educator, Information Systems",University of Cincinnati,Information Systems and Technology,"Cincinnati, OH",09/06/2023,https://www.higheredjobs.com/search/details.cfm?JobCode=178527913&Title=Asst%20Professor%2C%20Educator%2C%20Information%20Systems
83,Assistant Professor in Computer Engineering,University of Texas at El Paso,Computer Engineering,"El Paso, TX",09/06/2023,https://www.higheredjobs.com/search/details.cfm?JobCode=178526759&Title=Assistant%20Professor%20in%20Computer%20Engineering
84,Assistant / Associate Professor - Health Informatics,University of North Texas,Health Information Technology,"Denton, TX",09/05/2023,https://www.higheredjobs.com/search/details.cfm?JobCode=178524408&Title=Assistant%20%2F%20Associate%20Professor%20%2D%20Health%20Informatics
85,"Asst/Assoc Professor, Asst/Assoc Scientist AI/ML",University of Kansas,Computer Engineering,"Lawrence, KS",09/01/2023,https://www.higheredjobs.com/search/details.cfm?JobCode=178524230&Title=Asst%2FAssoc%20Professor%2C%20Asst%2FAssoc%20Scientist%20AI%2FML
86,"Assistant, Associate, or Full Professor - Computer Science & Engineering",Mississippi State University,Computer Science,"Mississippi State, MS",08/31/2023,https://www.higheredjobs.com/search/details.cfm?JobCode=178522555&Title=Assistant%2C%20Associate%2C%20or%20Full%20Professor%20%2D%20Computer%20Science%20%26amp%3B%20Engineering
87,Assistant Professor - Engineering,University of Arkansas,Computer Engineering,"Fayetteville, AR",08/31/2023,https://www.higheredjobs.com/search/details.cfm?JobCode=178522519&Title=Assistant%20Professor%20%2D%20Engineering
88,Assistant Professor - Data Science,University of Texas at El Paso,Computer Science,"El Paso, TX",08/31/2023,https://www.higheredjobs.com/search/details.cfm?JobCode=178521739&Title=Assistant%20Professor%20%2D%20Data%20Science
89,"Assistant/ Associate/ Full Professor, Department of Electrical and Computer Engineering",University of Cincinnati,Electrical Engineering,"Cincinnati, OH",08/29/2023,https://www.higheredjobs.com/search/details.cfm?JobCode=178518641&Title=Assistant%2F%20Associate%2F%20Full%20Professor%2C%20Department%20of%20Electrical%20and%20Computer%20Engineering
90,"Assistant, Associate, or Full Professor - Computer Science & Engineering",Mississippi State University,Computer Science,"Mississippi State, MS",08/26/2023,https://www.higheredjobs.com/search/details.cfm?JobCode=178516575&Title=Assistant%2C%20Associate%2C%20or%20Full%20Professor%20%2D%20Computer%20Science%20%26amp%3B%20Engineering
91,Post-Doctoral Associate (# 357410),University of Minnesota,Psychology,"Twin Cities, MN",08/24/2023,https://www.higheredjobs.com/search/details.cfm?JobCode=178513718&Title=Post%2DDoctoral%20Associate%20%28%23%20357410%29
92,"Assistant Professor, School of Information Technology, Tenure Track, CECH",University of Cincinnati,Computer Science,"Cincinnati, OH",08/23/2023,https://www.higheredjobs.com/search/details.cfm?JobCode=178512983&Title=Assistant%20Professor%2C%20School%20of%20Information%20Technology%2C%20Tenure%20Track%2C%20CECH
93,Cybersecurity Research Scientist (Cyber-Physical Systems),University of Louisiana at Lafayette,Computer Science,"Lafayette, LA",08/21/2023,https://www.higheredjobs.com/search/details.cfm?JobCode=178510347&Title=Cybersecurity%20Research%20Scientist%20%28Cyber%2DPhysical%20Systems%29
94,Cybersecurity Research Scientist (Critical Infrastructure),University of Louisiana at Lafayette,Computer Science,"Lafayette, LA",08/21/2023,https://www.higheredjobs.com/search/details.cfm?JobCode=178510346&Title=Cybersecurity%20Research%20Scientist%20%28Critical%20Infrastructure%29
95,Assistant Professor (Tenure-Track) - R102371,University of Louisville,Computer Science,"Louisville, KY",08/18/2023,https://www.higheredjobs.com/search/details.cfm?JobCode=178508705&Title=Assistant%20Professor%20%28Tenure%2DTrack%29%20%2D%20R102371
96,Asst Professor in Technology and Operations,University of Michigan,Information Systems and Technology,"Ann Arbor, MI",08/16/2023,https://www.higheredjobs.com/search/details.cfm?JobCode=178504691&Title=Asst%20Professor%20in%20Technology%20and%20Operations
97,Post-Doctoral Associate (# 357172),University of Minnesota,Statistics,"All Other -See Job Description, MN",08/15/2023,https://www.higheredjobs.com/search/details.cfm?JobCode=178503159&Title=Post%2DDoctoral%20Associate%20%28%23%20357172%29
98,Assistant Professor - Computer Engineering,Auburn University,Computer Engineering,"Auburn, AL",08/14/2023,https://www.higheredjobs.com/search/details.cfm?JobCode=178502740&Title=Assistant%20Professor%20%2D%20Computer%20Engineering
99,Post Doctoral Research Associate,University of Utah,Electrical Engineering,"Salt Lake City, UT",08/11/2023,https://www.higheredjobs.com/search/details.cfm?JobCode=178499117&Title=Post%20Doctoral%20Research%20Associate
100,Research Scientist in Electrical and Computer Engineering,University of Virginia,Computer Engineering,"Charlottesville, VA",08/09/2023,https://www.higheredjobs.com/search/details.cfm?JobCode=178496899&Title=Research%20Scientist%20in%20Electrical%20and%20Computer%20Engineering
101,"Assistant Professor, Clinical, Business Analytics",Baylor University,Information Systems and Technology,"Waco, TX",08/08/2023,https://www.higheredjobs.com/search/details.cfm?JobCode=178493893&Title=Assistant%20Professor%2C%20Clinical%2C%20Business%20Analytics
102,"Assistant, Associate or Full Professor (Multiple Openings) (# 302802)",University of Minnesota,Health Information Technology,"Twin Cities, MN",08/07/2023,https://www.higheredjobs.com/search/details.cfm?JobCode=178492045&Title=Assistant%2C%20Associate%20or%20Full%20Professor%20%28Multiple%20Openings%29%20%28%23%20302802%29
103,CIRES/Environmental Data Science Innovation and Inclusion Lab (ESIIL) Post-Doctoral Research Scholar,University of Colorado Boulder,"Environmental Science, Ecology, and Forestry","Boulder, CO",08/04/2023,https://www.higheredjobs.com/search/details.cfm?JobCode=178490789&Title=CIRES%2FEnvironmental%20Data%20Science%20Innovation%20and%20Inclusion%20Lab%20%28ESIIL%29%20Post%2DDoctoral%20Research%20Scholar
104,Faculty Positions: All Tracks 2024,Carnegie Mellon University,Computer Science,"Pittsburgh, PA",08/04/2023,https://www.higheredjobs.com/search/details.cfm?JobCode=178490262&Title=Faculty%20Positions%3A%20All%20Tracks%202024
105,Assistant Professor,Utah State University,Information Systems and Technology,"Logan, UT",08/03/2023,https://www.higheredjobs.com/search/details.cfm?JobCode=178488402&Title=Assistant%20Professor
106,Research Associate - Electrical and Computer Engineering,Carnegie Mellon University,Electrical Engineering,"Pittsburgh, PA",08/02/2023,https://www.higheredjobs.com/search/details.cfm?JobCode=178486270&Title=Research%20Associate%20%2D%20Electrical%20and%20Computer%20Engineering
107,Post-Doctoral Associate,Carnegie Mellon University,Computer Science,"Pittsburgh, PA",07/31/2023,https://www.higheredjobs.com/search/details.cfm?JobCode=178484821&Title=Post%2DDoctoral%20Associate
108,Research Associate in Artificial Intelligence,University of Central Florida,Computer Science,"Orlando, FL",07/31/2023,https://www.higheredjobs.com/search/details.cfm?JobCode=178484187&Title=Research%20Associate%20in%20Artificial%20Intelligence
109,Open Rank Professors in Computer Science (Computer Systems and Networks),Indiana University Bloomington,Computer Science,"Bloomington, IN",10/31/2023,https://www.higheredjobs.com/search/details.cfm?JobCode=178591980&Title=Open%20Rank%20Professors%20in%20Computer%20Science%20%28Computer%20Systems%20and%20Networks%29
110,"Director of the Data Science, AI, and Translation Institute",Johns Hopkins University,Computer Science,"Baltimore, MD",10/30/2023,https://www.higheredjobs.com/search/details.cfm?JobCode=178591480&Title=Director%20of%20the%20Data%20Science%2C%20AI%2C%20and%20Translation%20Institute
111,"Assistant Professor, Electrical Engineering and Computer Science Department (Tenure Track)",Syracuse University,Electrical Engineering,"Syracuse, NY",10/30/2023,https://www.higheredjobs.com/search/details.cfm?JobCode=178591445&Title=Assistant%20Professor%2C%20Electrical%20Engineering%20and%20Computer%20Science%20Department%20%28Tenure%20Track%29
112,Assistant Professor,Virginia Tech,Electrical Engineering,"Blacksburg, VA",10/30/2023,https://www.higheredjobs.com/search/details.cfm?JobCode=178590935&Title=Assistant%20Professor
113,Collegiate Associate/Full Professor,Virginia Tech,Electrical Engineering,"Blacksburg, VA",10/30/2023,https://www.higheredjobs.com/search/details.cfm?JobCode=178590932&Title=Collegiate%20Associate%2FFull%20Professor
114,Assistant Professor of Electrical and Computer Engineering,University of Maine,Computer Engineering,"Orono, ME",10/30/2023,https://www.higheredjobs.com/search/details.cfm?JobCode=178590702&Title=Assistant%20Professor%20of%20Electrical%20and%20Computer%20Engineering
115,Assistant Professor in Computer Science (Algorithms and Theory),Indiana University Bloomington,Computer Science,"Bloomington, IN",10/30/2023,https://www.higheredjobs.com/search/details.cfm?JobCode=178590716&Title=Assistant%20Professor%20in%20Computer%20Science%20%28Algorithms%20and%20Theory%29
116,Associate or Professor in the Computer Engineering,University of Kentucky,Computer Engineering,"Lexington, KY",10/30/2023,https://www.higheredjobs.com/search/details.cfm?JobCode=178590215&Title=Associate%20or%20Professor%20in%20the%20Computer%20Engineering
117,Assistant/Associate Professor of Instruction in AIS (Non-Tenure Track),Ohio University,Information Systems and Technology,"Athens, OH",10/29/2023,https://www.higheredjobs.com/search/details.cfm?JobCode=178590003&Title=Assistant%2FAssociate%20Professor%20of%20Instruction%20in%20AIS%20%28Non%2DTenure%20Track%29
118,Associate/Full Professor of Polytechnic - Software Development and Integration (Ranked Renewable Term),University of Oklahoma,Computer Science,"Norman, OK",10/27/2023,https://www.higheredjobs.com/search/details.cfm?JobCode=178588193&Title=Associate%2FFull%20Professor%20of%20Polytechnic%20%2D%20Software%20Development%20and%20Integration%20%28Ranked%20Renewable%20Term%29
119,Associate/Full Professor of Polytechnic - Cybersecurity (Ranked Renewable Term),University of Oklahoma,Computer Science,"Norman, OK",10/27/2023,https://www.higheredjobs.com/search/details.cfm?JobCode=178588192&Title=Associate%2FFull%20Professor%20of%20Polytechnic%20%2D%20Cybersecurity%20%28Ranked%20Renewable%20Term%29
120,Associate/Full Professor of Polytechnic - Artificial Intelligence and Advanced Computing (Ranked Renewable Term),University of Oklahoma,Computer Science,"Norman, OK",10/27/2023,https://www.higheredjobs.com/search/details.cfm?JobCode=178588191&Title=Associate%2FFull%20Professor%20of%20Polytechnic%20%2D%20Artificial%20Intelligence%20and%20Advanced%20Computing%20%28Ranked%20Renewable%20Term%29
121,Associate/Full  Professor of Management and Information Systems,University of Oklahoma,Information Systems and Technology,"Norman, OK",10/27/2023,https://www.higheredjobs.com/search/details.cfm?JobCode=178588185&Title=Associate%2FFull%20%20Professor%20of%20Management%20and%20Information%20Systems
122,Assistant/Associate Professor of Practice of Engineering  -  Applied Computing,University of Oklahoma,Computer Science,"Norman, OK",10/27/2023,https://www.higheredjobs.com/search/details.cfm?JobCode=178588181&Title=Assistant%2FAssociate%20Professor%20of%20Practice%20of%20Engineering%20%20%2D%20%20Applied%20Computing
123,Assistant Professor Position in Computer Science - Computational Biology/Bioinformatics,University of Oklahoma,Computer Science,"Norman, OK",10/27/2023,https://www.higheredjobs.com/search/details.cfm?JobCode=178588163&Title=Assistant%20Professor%20Position%20in%20Computer%20Science%20%2D%20Computational%20Biology%2FBioinformatics
124,Assistant Professor of Electrical or Computer Engineering - Renewable Term,University of Oklahoma,Electrical Engineering,"Norman, OK",10/27/2023,https://www.higheredjobs.com/search/details.cfm?JobCode=178588141&Title=Assistant%20Professor%20of%20Electrical%20or%20Computer%20Engineering%20%2D%20Renewable%20Term
125,Assistant Professor in AI Architectures,University of Oklahoma,Computer Science,"Norman, OK",10/27/2023,https://www.higheredjobs.com/search/details.cfm?JobCode=178588136&Title=Assistant%20Professor%20in%20AI%20Architectures
126,Assistant/Associate Professor,Virginia Tech,Electrical Engineering,"Blacksburg, VA",10/27/2023,https://www.higheredjobs.com/search/details.cfm?JobCode=178587868&Title=Assistant%2FAssociate%20Professor
127,Post Doctoral,University of Texas at El Paso,Computer Science,"El Paso, TX",10/26/2023,https://www.higheredjobs.com/search/details.cfm?JobCode=178587657&Title=Post%20Doctoral
128,Assistant or Associate Professor - Statistics/Data Science,University of Texas at Arlington,Statistics,"Arlington, TX",10/26/2023,https://www.higheredjobs.com/search/details.cfm?JobCode=178587174&Title=Assistant%20or%20Associate%20Professor%20%2D%20Statistics%2FData%20Science
129,Asst Professor-Clinical,University of Colorado Denver,Information Systems and Technology,"Denver, CO",10/26/2023,https://www.higheredjobs.com/search/details.cfm?JobCode=178586854&Title=Asst%20Professor%2DClinical
130,Assistant Professor in Computer Science,"University of California, Santa Barbara",Computer Science,"Santa Barbara, CA",10/26/2023,https://www.higheredjobs.com/search/details.cfm?JobCode=178586604&Title=Assistant%20Professor%20in%20Computer%20Science
131,Faculty Professor Assistant - Full-Time,University of Pittsburgh,Physics,"Pittsburgh, PA",10/26/2023,https://www.higheredjobs.com/search/details.cfm?JobCode=178586275&Title=Faculty%20Professor%20Assistant%20%2D%20Full%2DTime
132,"Assistant Professor of Instruction, Non-Tenure Track",University of South Florida,Information Systems and Technology,"Tampa, FL",09/22/2023,https://www.higheredjobs.com/search/details.cfm?JobCode=178547012&Title=Assistant%20Professor%20of%20Instruction%2C%20Non%2DTenure%20Track
133,"Assistant/Associate/Full Professor, Educator, Department of Computer Science",University of Cincinnati,Computer Science,"Cincinnati, OH",09/21/2023,https://www.higheredjobs.com/search/details.cfm?JobCode=178545701&Title=Assistant%2FAssociate%2FFull%20Professor%2C%20Educator%2C%20Department%20of%20Computer%20Science
134,"Assistant Professor Educator, Information Technology at UC Clermont College",University of Cincinnati,Information Systems and Technology,"Cincinnati, OH",09/21/2023,https://www.higheredjobs.com/search/details.cfm?JobCode=178545109&Title=Assistant%20Professor%20Educator%2C%20Information%20Technology%20at%20UC%20Clermont%20College
135,"Assistant/Associate Professor, Educator, Dept. of Electrical Engineering & Computer Engineering",University of Cincinnati,Electrical Engineering,"Cincinnati, OH",09/21/2023,https://www.higheredjobs.com/search/details.cfm?JobCode=178545091&Title=Assistant%2FAssociate%20Professor%2C%20Educator%2C%20Dept%2E%20of%20Electrical%20Engineering%20%26amp%3B%20Computer%20Engineering
136,Assistant/Associate/Full Professor - Learning Technologies,University of North Texas,Information Systems and Technology,"Denton, TX",09/21/2023,https://www.higheredjobs.com/search/details.cfm?JobCode=178545397&Title=Assistant%2FAssociate%2FFull%20Professor%20%2D%20Learning%20Technologies
137,Tenure-Track Faculty 2023-2024,Johns Hopkins University,Computer Science,"Baltimore, MD",09/21/2023,https://www.higheredjobs.com/search/details.cfm?JobCode=178544748&Title=Tenure%2DTrack%20Faculty%202023%2D2024
138,Research Computing Scientist,University of Virginia,Computer Engineering,"Charlottesville, VA",09/21/2023,https://www.higheredjobs.com/search/details.cfm?JobCode=178544746&Title=Research%20Computing%20Scientist
139,Research Computing Scientist,University of Virginia,Computer Engineering,"Charlottesville, VA",09/21/2023,https://www.higheredjobs.com/search/details.cfm?JobCode=178544745&Title=Research%20Computing%20Scientist
140,Emerging Technologies & Learning Open Rank and Assistant-Associate Faculty Position,University of Florida,Information Systems and Technology,"Gainesville, FL",09/20/2023,https://www.higheredjobs.com/search/details.cfm?JobCode=178544376&Title=Emerging%20Technologies%20%26amp%3B%20Learning%20Open%20Rank%20and%20Assistant%2DAssociate%20Faculty%20Position
141,Open Level Faculty Position in Technology Management,"University of California, Santa Barbara",Computer Engineering,"Santa Barbara, CA",09/19/2023,https://www.higheredjobs.com/search/details.cfm?JobCode=178542621&Title=Open%20Level%20Faculty%20Position%20in%20Technology%20Management
142,"Department Head, Dept. of Engineering & Computing Education, College of Eng & Appl Science",University of Cincinnati,Computer Science,"Cincinnati, OH",09/19/2023,https://www.higheredjobs.com/search/details.cfm?JobCode=178542180&Title=Department%20Head%2C%20Dept%2E%20of%20Engineering%20%26amp%3B%20Computing%20Education%2C%20College%20of%20Eng%20%26amp%3B%20Appl%20Science
143,Computer Science Faculty Positions: All Ranks - Emory University,Emory University,Computer Science,"Atlanta, GA",09/19/2023,https://www.higheredjobs.com/search/details.cfm?JobCode=178542625&Title=Computer%20Science%20Faculty%20Positions%3A%20All%20Ranks%20%2D%20Emory%20University
144,Project Manager/Business Analyst - Information Systems Technology (IST) - Georgetown University Law Center,Georgetown University,Information Systems and Technology,"Washington, DC",09/18/2023,https://www.higheredjobs.com/search/details.cfm?JobCode=178540882&Title=Project%20Manager%2FBusiness%20Analyst%20%2D%20Information%20Systems%20Technology%20%28IST%29%20%2D%20Georgetown%20University%20Law%20Center
145,"Assistant Professor, Manufacturing Analytics and AI",Virginia Tech,Industrial and Manufacturing Engineering,"Blacksburg, VA",09/18/2023,https://www.higheredjobs.com/search/details.cfm?JobCode=178540124&Title=Assistant%20Professor%2C%20Manufacturing%20Analytics%20and%20AI
146,Assistant/Associate/Full Professor - Statistics/Data Science,Auburn University,Computer Science,"Auburn, AL",09/18/2023,https://www.higheredjobs.com/search/details.cfm?JobCode=178540112&Title=Assistant%2FAssociate%2FFull%20Professor%20%2D%20Statistics%2FData%20Science
147,Associate Professor (Open Rank) - R102712,University of Louisville,Computer Science,"Louisville, KY",09/17/2023,https://www.higheredjobs.com/search/details.cfm?JobCode=178539681&Title=Associate%20Professor%20%28Open%20Rank%29%20%2D%20R102712
148,Assistant Professor - Engineering,University of Arkansas,Computer Engineering,"Fayetteville, AR",09/15/2023,https://www.higheredjobs.com/search/details.cfm?JobCode=178539175&Title=Assistant%20Professor%20%2D%20Engineering
149,Microsoft Visiting Research Scholar/Visiting Professor of Information Technology Policy,Princeton University,Information Systems and Technology,"Princeton, NJ",09/15/2023,https://www.higheredjobs.com/search/details.cfm?JobCode=178538481&Title=Microsoft%20Visiting%20Research%20Scholar%2FVisiting%20Professor%20of%20Information%20Technology%20Policy
150,"Assistant/Associate/Full Professor, Educator, Dept of Engineering & Computing Education",University of Cincinnati,Computer Science,"Cincinnati, OH",09/14/2023,https://www.higheredjobs.com/search/details.cfm?JobCode=178537056&Title=Assistant%2FAssociate%2FFull%20Professor%2C%20Educator%2C%20Dept%20of%20Engineering%20%26amp%3B%20Computing%20Education
151,Clinical Assistant Professor - Advanced Data Analytics,University of North Texas,Information Systems and Technology,"Denton, TX",09/14/2023,https://www.higheredjobs.com/search/details.cfm?JobCode=178536428&Title=Clinical%20Assistant%20Professor%20%2D%20Advanced%20Data%20Analytics
152,Open Rank Faculty Positing in Electrical and Computer Engineering,"University of California, Riverside",Electrical Engineering,"Riverside, CA",09/13/2023,https://www.higheredjobs.com/search/details.cfm?JobCode=178535887&Title=Open%20Rank%20Faculty%20Positing%20in%20Electrical%20and%20Computer%20Engineering
153,Instructional Faculty Positions in Electrical and Computer Engineering,Dartmouth College,Electrical Engineering,"Hanover, NH",09/13/2023,https://www.higheredjobs.com/search/details.cfm?JobCode=178535843&Title=Instructional%20Faculty%20Positions%20in%20Electrical%20and%20Computer%20Engineering
154,Assistant Professor – Information Systems/Cyber,Louisiana State University,Information Systems and Technology,"Baton Rouge, LA",09/13/2023,https://www.higheredjobs.com/search/details.cfm?JobCode=178535595&Title=Assistant%20Professor%20%E2%80%93%20Information%20Systems%2FCyber
155,Assistant Professor – Information Systems/Analytics,Louisiana State University,Information Systems and Technology,"Baton Rouge, LA",09/13/2023,https://www.higheredjobs.com/search/details.cfm?JobCode=178535889&Title=Assistant%20Professor%20%E2%80%93%20Information%20Systems%2FAnalytics
156,Assistant Professor,University of Louisiana at Lafayette,Computer Science,"Lafayette, LA",09/13/2023,https://www.higheredjobs.com/search/details.cfm?JobCode=178535629&Title=Assistant%20Professor
157,Assistant/Associate Professor,University of Louisiana at Lafayette,Computer Science,"Lafayette, LA",09/13/2023,https://www.higheredjobs.com/search/details.cfm?JobCode=178535628&Title=Assistant%2FAssociate%20Professor
158,"Faculty Positions - Computer Science, Cornell Tech",Cornell University,Computer Science,"Ithaca, NY",09/13/2023,https://www.higheredjobs.com/search/details.cfm?JobCode=178534774&Title=Faculty%20Positions%20%2D%20Computer%20Science%2C%20Cornell%20Tech
159,"2023-2024 Cornell Information Science Tenure-Track Faculty Search, Ithaca Campus",Cornell University,Information Systems and Technology,"Ithaca, NY",09/13/2023,https://www.higheredjobs.com/search/details.cfm?JobCode=178534677&Title=2023%2D2024%20Cornell%20Information%20Science%20Tenure%2DTrack%20Faculty%20Search%2C%20Ithaca%20Campus
160,"2023-2024 Cornell Information Science Tenure-Track Faculty Search, Nyc Campus",Cornell University,Information Systems and Technology,"Ithaca, NY",09/13/2023,https://www.higheredjobs.com/search/details.cfm?JobCode=178534676&Title=2023%2D2024%20Cornell%20Information%20Science%20Tenure%2DTrack%20Faculty%20Search%2C%20Nyc%20Campus
161,Assistant Professor - Computational Science,University of Texas at El Paso,Computer Science,"El Paso, TX",09/11/2023,https://www.higheredjobs.com/search/details.cfm?JobCode=178531214&Title=Assistant%20Professor%20%2D%20Computational%20Science
162,Assistant/Associate Professor in Computer Science (4 positions),University of Texas at El Paso,Computer Science,"El Paso, TX",09/08/2023,https://www.higheredjobs.com/search/details.cfm?JobCode=178530622&Title=Assistant%2FAssociate%20Professor%20in%20Computer%20Science%20%284%20positions%29
163,Assistant/Associate Professor,University of Florida,Information Systems and Technology,"Gainesville, FL",11/10/2023,https://www.higheredjobs.com/search/details.cfm?JobCode=178604920&Title=Assistant%2FAssociate%20Professor
164,Open Rank in Quantum Information Science & Engineering (req27555),University of New Mexico,Computer Engineering,"Albuquerque, NM",11/10/2023,https://www.higheredjobs.com/search/details.cfm?JobCode=178604076&Title=Open%20Rank%20in%20Quantum%20Information%20Science%20%26amp%3B%20Engineering%20%28req27555%29
165,"Assistant Professor, Educator, Business Analytics, Lindner College of Business",University of Cincinnati,Information Systems and Technology,"Cincinnati, OH",11/09/2023,https://www.higheredjobs.com/search/details.cfm?JobCode=178603513&Title=Assistant%20Professor%2C%20Educator%2C%20Business%20Analytics%2C%20Lindner%20College%20of%20Business
166,Assistant Professor in Technology Policy,Tufts University,Computer Science,"Medford, MA",11/09/2023,https://www.higheredjobs.com/search/details.cfm?JobCode=178603455&Title=Assistant%20Professor%20in%20Technology%20Policy
167,Assistant Professor,Auburn University,Computer Science,"Auburn, AL",11/09/2023,https://www.higheredjobs.com/search/details.cfm?JobCode=178603407&Title=Assistant%20Professor
168,Clinical Business Faculty - Project Management (req27476),University of New Mexico,Information Systems and Technology,"Albuquerque, NM",11/08/2023,https://www.higheredjobs.com/search/details.cfm?JobCode=178601973&Title=Clinical%20Business%20Faculty%20%2D%20Project%20Management%20%28req27476%29
169,Assistant Professor/Associate Professor/Professor in Electrical & Computer Engineering,University of Utah,Computer Engineering,"Salt Lake City, UT",11/08/2023,https://www.higheredjobs.com/search/details.cfm?JobCode=178601875&Title=Assistant%20Professor%2FAssociate%20Professor%2FProfessor%20in%20Electrical%20%26%20Computer%20Engineering
170,Assistant Professor/Associate Professor/Professor for The Department of Electrical and Computer Engineering,University of Utah,Computer Engineering,"Salt Lake City, UT",11/08/2023,https://www.higheredjobs.com/search/details.cfm?JobCode=178600745&Title=Assistant%20Professor%2FAssociate%20Professor%2FProfessor%20for%20The%20Department%20of%20Electrical%20and%20Computer%20Engineering
171,Ast Prof,University of Florida,Information Systems and Technology,"Gainesville, FL",11/07/2023,https://www.higheredjobs.com/search/details.cfm?JobCode=178599959&Title=Ast%20Prof
172,Assistant/Associate Professor of Instructional Systems Technology,Indiana University Bloomington,Information Systems and Technology,"Bloomington, IN",11/07/2023,https://www.higheredjobs.com/search/details.cfm?JobCode=178599748&Title=Assistant%2FAssociate%20Professor%20of%20Instructional%20Systems%20Technology
173,"Assistant Professors in Computer Science for Data Science or Cybersecurity (2 Positions, Tenure Track)",Old Dominion University,Computer Science,"Norfolk, VA",11/07/2023,https://www.higheredjobs.com/search/details.cfm?JobCode=178599579&Title=Assistant%20Professors%20in%20Computer%20Science%20for%20Data%20Science%20or%20Cybersecurity%20%282%20Positions%2C%20Tenure%20Track%29
174,"Assistant, Associate or Full Professor  Extended Reality and Embodied Intelligence/Robotics",Northeastern University,Mechanical Engineering,"Boston, MA",11/06/2023,https://www.higheredjobs.com/search/details.cfm?JobCode=178599097&Title=Assistant%2C%20Associate%20or%20Full%20Professor%20%20Extended%20Reality%20and%20Embodied%20Intelligence%2FRobotics
175,Associate AI Security Researcher,Carnegie Mellon University,Computer Science,"Pittsburgh, PA",11/06/2023,https://www.higheredjobs.com/search/details.cfm?JobCode=178599093&Title=Associate%20AI%20Security%20Researcher
176,Tenure-Track Faculty Position: Artificial Intelligence & Public Policy,Carnegie Mellon University,Computer Science,"Pittsburgh, PA",11/06/2023,https://www.higheredjobs.com/search/details.cfm?JobCode=178599090&Title=Tenure%2DTrack%20Faculty%20Position%3A%20Artificial%20Intelligence%20%26amp%3B%20Public%20Policy
177,Temporary Researchers (Project Scientist Series) for Electrical and Computer Engineering,"University of California, Santa Barbara",Electrical Engineering,"Santa Barbara, CA",11/06/2023,https://www.higheredjobs.com/search/details.cfm?JobCode=178598739&Title=Temporary%20Researchers%20%28Project%20Scientist%20Series%29%20for%20Electrical%20and%20Computer%20Engineering
178,Temporary Researchers (Specialists) for Electrical and Computer Engineering,"University of California, Santa Barbara",Electrical Engineering,"Santa Barbara, CA",11/06/2023,https://www.higheredjobs.com/search/details.cfm?JobCode=178598738&Title=Temporary%20Researchers%20%28Specialists%29%20for%20Electrical%20and%20Computer%20Engineering
179,Temporary Researchers (Jr. Specialists) for Electrical and Computer Engineering,"University of California, Santa Barbara",Electrical Engineering,"Santa Barbara, CA",11/06/2023,https://www.higheredjobs.com/search/details.cfm?JobCode=178598737&Title=Temporary%20Researchers%20%28Jr%2E%20Specialists%29%20for%20Electrical%20and%20Computer%20Engineering
180,Assistant Research Professor - Wireless Communication,Mississippi State University,Electrical Engineering,"Mississippi State, MS",11/06/2023,https://www.higheredjobs.com/search/details.cfm?JobCode=178598451&Title=Assistant%20Research%20Professor%20%2D%20Wireless%20Communication
181,Clin Ast Prof,University of Florida,Information Systems and Technology,"Gainesville, FL",11/06/2023,https://www.higheredjobs.com/search/details.cfm?JobCode=178598447&Title=Clin%20Ast%20Prof
182,CIS Practice Assistant Professor 2024,University of Pennsylvania,Information Systems and Technology,"Philadelphia, PA",10/14/2023,https://www.higheredjobs.com/search/details.cfm?JobCode=178572461&Title=CIS%20Practice%20Assistant%20Professor%202024
183,Scholarly Assistant Professor  Career Track,Washington State University,Information Systems and Technology,"Pullman, WA",10/13/2023,https://www.higheredjobs.com/search/details.cfm?JobCode=178572347&Title=Scholarly%20Assistant%20Professor%20%20Career%20Track
184,"Two Faculty Positions Available in the Department of Statistics and Data Science, Cornell University",Cornell University,Computer Science,"Ithaca, NY",10/13/2023,https://www.higheredjobs.com/search/details.cfm?JobCode=178571986&Title=Two%20Faculty%20Positions%20Available%20in%20the%20Department%20of%20Statistics%20and%20Data%20Science%2C%20Cornell%20University
185,Research Scientist,University of Louisiana at Lafayette,Electrical Engineering,"Lafayette, LA",10/13/2023,https://www.higheredjobs.com/search/details.cfm?JobCode=178571764&Title=Research%20Scientist
186,Assistant Professor,University of Louisiana at Lafayette,Computer Science,"Lafayette, LA",10/13/2023,https://www.higheredjobs.com/search/details.cfm?JobCode=178571540&Title=Assistant%20Professor
187,Graduate Program Manager - School of Computer Science - CSD,Carnegie Mellon University,Computer Science,"Pittsburgh, PA",10/13/2023,https://www.higheredjobs.com/search/details.cfm?JobCode=178571462&Title=Graduate%20Program%20Manager%20%2D%20School%20of%20Computer%20Science%20%2D%20CSD
188,Assistant Professor of Marketing and Business Analytics,Binghamton University,Information Systems and Technology,"Binghamton, NY",10/13/2023,https://www.higheredjobs.com/search/details.cfm?JobCode=178571198&Title=Assistant%20Professor%20of%20Marketing%20and%20Business%20Analytics
189,"Assistant Professor(s), Department of Computer Science",University of Montana,Computer Science,"Missoula, MT",10/12/2023,https://www.higheredjobs.com/search/details.cfm?JobCode=178571014&Title=Assistant%20Professor%28s%29%2C%20Department%20of%20Computer%20Science
190,Assistant Professor: Statistical Foundations of Data Science (HDSI),"University of California, San Diego",Computer Science,"The University of California, CA",10/12/2023,https://www.higheredjobs.com/search/details.cfm?JobCode=178570976&Title=Assistant%20Professor%3A%20Statistical%20Foundations%20of%20Data%20Science%20%28HDSI%29
191,Principal Business and Information Systems Analyst - 125886,"University of California, San Diego",Business and Financial Services,"La Jolla, CA",10/12/2023,https://www.higheredjobs.com/search/details.cfm?JobCode=178570965&Title=Principal%20Business%20and%20Information%20Systems%20Analyst%20%2D%20125886
192,Senior Control Assurance Researcher,Carnegie Mellon University,Computer Science,"Pittsburgh, PA",10/12/2023,https://www.higheredjobs.com/search/details.cfm?JobCode=178570948&Title=Senior%20Control%20Assurance%20Researcher
193,Assistant Professor \u2013 Department of Public Health Sciences,Clemson University,Public and Environmental Health,"Clemson, SC",10/12/2023,https://www.higheredjobs.com/search/details.cfm?JobCode=178569880&Title=Assistant%20Professor%20%5Cu2013%20Department%20of%20Public%20Health%20Sciences
194,Assistant Professor - Electrical and Computer Engineering,Wayne State University,Electrical Engineering,"Detroit, MI",10/12/2023,https://www.higheredjobs.com/search/details.cfm?JobCode=178569265&Title=Assistant%20Professor%20%2D%20Electrical%20and%20Computer%20Engineering
195,Assistant or Associate Professor in Computational Physics and Data Science,Colorado State University,Physics,"Fort Collins, CO",10/12/2023,https://www.higheredjobs.com/search/details.cfm?JobCode=178569238&Title=Assistant%20or%20Associate%20Professor%20in%20Computational%20Physics%20and%20Data%20Science
196,"Assistant Professor, Associate Professor, Full Professor",Princeton University,Information Systems and Technology,"Princeton, NJ",10/12/2023,https://www.higheredjobs.com/search/details.cfm?JobCode=178569203&Title=Assistant%20Professor%2C%20Associate%20Professor%2C%20Full%20Professor
197,"Open Rank Clinical positions, Kelley School of Business (Operations and Decision Technologies, Information Systems)",Indiana University Bloomington,Information Systems and Technology,"Bloomington, IN",10/11/2023,https://www.higheredjobs.com/search/details.cfm?JobCode=178568829&Title=Open%20Rank%20Clinical%20positions%2C%20Kelley%20School%20of%20Business%20%28Operations%20and%20Decision%20Technologies%2C%20Information%20Systems%29
198,"Assistant, Associate, Full Professor",Princeton University,Electrical Engineering,"Princeton, NJ",10/11/2023,https://www.higheredjobs.com/search/details.cfm?JobCode=178568662&Title=Assistant%2C%20Associate%2C%20Full%20Professor
199,Assistant Professor of Instruction in AIS (Non-Tenure Track),Ohio University,Information Systems and Technology,"Athens, OH",10/11/2023,https://www.higheredjobs.com/search/details.cfm?JobCode=178568302&Title=Assistant%20Professor%20of%20Instruction%20in%20AIS%20%28Non%2DTenure%20Track%29
200,Assistant/Associate/Full Professor Tenure System in Education and Artificial Intelligence,Michigan State University,Computer Science,"East Lansing, MI",10/11/2023,https://www.higheredjobs.com/search/details.cfm?JobCode=178568155&Title=Assistant%2FAssociate%2FFull%20Professor%20Tenure%20System%20in%20Education%20and%20Artificial%20Intelligence
201,"Assistant Professor, Clinical, Information Systems",Baylor University,Information Systems and Technology,"Waco, TX",10/11/2023,https://www.higheredjobs.com/search/details.cfm?JobCode=178567788&Title=Assistant%20Professor%2C%20Clinical%2C%20Information%20Systems
202,Assistant Professor of Computer Engineering,Binghamton University,Computer Engineering,"Binghamton, NY",10/10/2023,https://www.higheredjobs.com/search/details.cfm?JobCode=178565944&Title=Assistant%20Professor%20of%20Computer%20Engineering
203,Assistant Professor of Electrical and Computer Engineering,Purdue University,Computer Engineering,"West Lafayette, IN",10/09/2023,https://www.higheredjobs.com/search/details.cfm?JobCode=178564733&Title=Assistant%20Professor%20of%20Electrical%20and%20Computer%20Engineering
204,"Tenure Track Faculty Position, Electrical and Computer Engineering",University of Delaware,Electrical Engineering,"Newark, DE",10/09/2023,https://www.higheredjobs.com/search/details.cfm?JobCode=178564554&Title=Tenure%20Track%20Faculty%20Position%2C%20Electrical%20and%20Computer%20Engineering
205,"Open Rank - CEID, Electrical and Computer Engineering",University of Texas at San Antonio,Electrical Engineering,"San Antonio, TX",10/09/2023,https://www.higheredjobs.com/search/details.cfm?JobCode=178564203&Title=Open%20Rank%20%2D%20CEID%2C%20Electrical%20and%20Computer%20Engineering
206,Assistant Professor in Information Systems,University of Colorado Boulder,Information Systems and Technology,"Boulder, CO",10/07/2023,https://www.higheredjobs.com/search/details.cfm?JobCode=178563658&Title=Assistant%20Professor%20in%20Information%20Systems
207,Assistant Professor of Management in MIS,Purdue University,Information Systems and Technology,"West Lafayette, IN",10/07/2023,https://www.higheredjobs.com/search/details.cfm?JobCode=178563637&Title=Assistant%20Professor%20of%20Management%20in%20MIS
208,CIS Practice Assistant Professor 2024,University of Pennsylvania,Information Systems and Technology,"Philadelphia, PA",10/07/2023,https://www.higheredjobs.com/search/details.cfm?JobCode=178563622&Title=CIS%20Practice%20Assistant%20Professor%202024
209,Assistant Professors of Energy and Health Systems,Binghamton University,Health Information Technology,"Binghamton, NY",10/06/2023,https://www.higheredjobs.com/search/details.cfm?JobCode=178563239&Title=Assistant%20Professors%20of%20Energy%20and%20Health%20Systems
210,Open Rank (Assistant/Associate/Full-Professor) - Brain Health,University of Texas at Arlington,Music,"Arlington, TX",10/06/2023,https://www.higheredjobs.com/search/details.cfm?JobCode=178563092&Title=Open%20Rank%20%28Assistant%2FAssociate%2FFull%2DProfessor%29%20%2D%20Brain%20Health
211,Assistant/Associate/Full Professor - Electrical & Computer Engineering,University of Florida,Electrical Engineering,"Gainesville, FL",10/05/2023,https://www.higheredjobs.com/search/details.cfm?JobCode=178561867&Title=Assistant%2FAssociate%2FFull%20Professor%20%2D%20Electrical%20%26amp%3B%20Computer%20Engineering
212,Assistant Professor- Tenure Track Position in the Broad Area of Autonomous and Robotic Systems,"University of California, Santa Barbara",Electrical Engineering,"Santa Barbara, CA",10/05/2023,https://www.higheredjobs.com/search/details.cfm?JobCode=178561466&Title=Assistant%20Professor%2D%20Tenure%20Track%20Position%20in%20the%20Broad%20Area%20of%20Autonomous%20and%20Robotic%20Systems
213,Open Rank Professor of Information Systems,Stony Brook University,Information Systems and Technology,"Stony Brook, NY",10/05/2023,https://www.higheredjobs.com/search/details.cfm?JobCode=178561116&Title=Open%20Rank%20Professor%20of%20Information%20Systems
214,"Assistant Professor of Information Technology, UC Blue Ash College",University of Cincinnati,Computer Science,"Cincinnati, OH",10/05/2023,https://www.higheredjobs.com/search/details.cfm?JobCode=178561421&Title=Assistant%20Professor%20of%20Information%20Technology%2C%20UC%20Blue%20Ash%20College
